label,n_train,metric_ksr,metric_ksr_std,metric_top1_acc,metric_top1_acc_std,metric_top3_acc,metric_top3_acc_std,metric_prefix_cond_acc,metric_prefix_cond_acc_std,metric_coverage,metric_coverage_std,cmd_top5,cmd_top5_std
200,200,0.32908,0.019440514396486523,0.2551020408163266,0.006980665867953904,0.44571428571428573,0.031625410625810785,0.4421164021164021,0.043556704752914455,0.8130872483221477,0.00879174242338334,0.502660517914154,0.0
400,400,0.35910000000000003,0.01762940725038706,0.2561224489795918,0.014955159967805113,0.48836734693877554,0.011555418503585347,0.4868253968253969,0.03383985689166083,0.8547938638542665,0.015391513480677984,0.54487406881873,0.0
800,800,0.39694,0.023398598248613102,0.27224489795918366,0.011388413410860174,0.49918367346938775,0.02060517154852005,0.5496296296296297,0.04581552331154641,0.8905560882070949,0.020535762371175936,0.5487761617594892,0.0
1600,1600,0.4109,0.025800077519263394,0.27183673469387754,0.009409911741549799,0.5104081632653061,0.016344378000143597,0.5848148148148148,0.035027334185485086,0.9164908916586768,0.010526434323059138,0.5626108549130897,0.0
3200,3200,0.42382,0.02768598201256368,0.27816326530612245,0.008576286281408437,0.529795918367347,0.004759960730485985,0.6141798941798942,0.04249853230940208,0.9272770853307767,0.008669607021918432,0.6512947853848883,0.0
Tümü,8765,0.4717,0.0,0.2897959183673469,0.0,0.5469387755102041,0.0,0.6849206349206349,0.0,0.9458293384467881,0.0,0.7428166016317843,0.0
